<?xml version="1.0" encoding="UTF-8"?>
<Configuration status="WARN" monitorInterval="30">
  <Properties>
    <Property name="LOG_PATTERN">[%-5level] %d{yyyy-MM-dd'T'HH:mm:ss.SSS} %c{1} - %msg%n</Property>
    <Property name="LOG_DIR">c:/temp/logs</Property>
  </Properties>

  <DynamicThresholdFilter key="USER_ROLE" defaultThreshold="ERROR" onMatch="ACCEPT" onMismatch="DENY">
    <KeyValuePair key="ADMIN" value="INFO"/>
    <KeyValuePair key="GUEST" value="DEBUG"/>
  </DynamicThresholdFilter>

  <Appenders>
    <Console name="console" target="SYSTEM_OUT">
      <PatternLayout pattern="${LOG_PATTERN}"/>
    </Console>

    <RollingFile
      name="transactionLogs"
      fileName="${LOG_DIR}/transactions.log"
      filePattern="${LOG_DIR}/transactions.%d{dd-MMM}.log.gz"
      ignoreExceptions="false">
      <MarkerFilter marker="TRANSACTION" onMatch="ACCEPT" onMismatch="DENY"/>
      <PatternLayout>
        <Pattern>%d{yyyy-MM-dd HH:mm:ss} %-5p %m%n</Pattern>
      </PatternLayout>
      <Policies>
        <TimeBasedTriggeringPolicy interval="1"/>
      </Policies>
      <DefaultRolloverStrategy max="5"/>
    </RollingFile>

    <RollingFile
      name="yash_digilocker"
      fileName="${LOG_DIR}/yash_digilocker.log"
      filePattern="${LOG_DIR}/yash_digilocker.%d{dd-MMM}.log.gz"
      ignoreExceptions="false">
      <MarkerFilter marker="yash" onMatch="ACCEPT" onMismatch="DENY"/>
      <PatternLayout>
        <Pattern>%d{yyyy-MM-dd HH:mm:ss} %-5p %m%n</Pattern>
      </PatternLayout>
      <Policies>
        <TimeBasedTriggeringPolicy interval="1"/>
      </Policies>
      <DefaultRolloverStrategy max="5"/>
    </RollingFile>
  </Appenders>


  <Loggers>
    <Root level="INFO">
      <AppenderRef ref="console"/>
      <AppenderRef ref="transactionLogs"/>
      <AppenderRef ref="userMgmtLogs"/>
    </Root>
  </Loggers>
</Configuration>